,Kabupaten/Kota,Umur Harapan Hidup (Tahun),Harapan Lama Sekolah (Tahun),Rata-rata Lama Sekolah (Tahun),Pengeluaran (Ribu rupiah/orang/tahun),IPM,Tahun
0,Kepulauan Mentawai,64.05,11.48,6.27,5684.0,57.41,2015
1,Kepulauan Mentawai,64.36,11.74,6.52,5771.0,58.27,2016
2,Kepulauan Mentawai,64.37,12.07,6.69,6010.0,59.25,2017
3,Kepulauan Mentawai,64.49,12.39,6.95,6211.0,60.28,2018
4,Kepulauan Mentawai,64.68,12.76,7.08,6429.0,61.26,2019
5,Kepulauan Mentawai,70.73,12.82,7.09,6281.0,63.71,2020
6,Kepulauan Mentawai,70.73,12.89,7.2,6321.0,63.98,2021
7,Kepulauan Mentawai,70.91,12.89,7.48,6567.0,64.83,2022
8,Kepulauan Mentawai,71.06,12.9,7.76,6891.0,65.79,2023
9,Kepulauan Mentawai,71.21,12.91,8.03,7192.0,66.67,2024
10,Kepulauan Mentawai,71.4,13.17,8.21,7451.0,67.62,2025
11,Pesisir Selatan,69.96,13.04,8.11,8412.0,68.07,2015
12,Pesisir Selatan,70.11,13.05,8.12,8605.0,68.39,2016
13,Pesisir Selatan,70.23,13.06,8.13,8819.0,68.74,2017
14,Pesisir Selatan,70.45,13.3,8.14,9089.0,69.4,2018
15,Pesisir Selatan,70.73,13.31,8.25,9444.0,70.08,2019
16,Pesisir Selatan,73.02,13.32,8.26,9212.0,70.87,2020
17,Pesisir Selatan,73.12,13.33,8.27,9270.0,71.01,2021
18,Pesisir Selatan,73.2,13.35,8.43,9686.0,71.72,2022
19,Pesisir Selatan,73.27,13.36,8.58,9953.0,72.24,2023
20,Pesisir Selatan,73.44,13.37,8.81,10211.0,72.87,2024
21,Pesisir Selatan,73.68,13.38,9.06,10633.0,73.72,2025
22,Sijunjung,65.22,11.94,7.33,9796.0,65.3,2015
23,Sijunjung,65.33,12.27,7.5,9895.0,66.01,2016
24,Sijunjung,65.44,12.34,7.72,10093.0,66.6,2017
25,Sijunjung,65.69,12.35,7.77,10277.0,66.97,2018
26,Sijunjung,66.02,12.36,8.1,10395.0,67.66,2019
27,Sijunjung,71.78,12.37,8.11,10361.0,70.36,2020
28,Sijunjung,71.93,12.38,8.12,10389.0,70.48,2021
29,Sijunjung,72.27,12.64,8.3,10582.0,71.32,2022
30,Sijunjung,72.59,12.72,8.57,11018.0,72.3,2023
31,Sijunjung,72.89,12.76,8.62,11395.0,72.88,2024
32,Sijunjung,73.3,12.99,8.66,11829.0,73.73,2025
33,Tanah Datar,68.75,13.35,7.93,10103.0,69.49,2015
34,Tanah Datar,68.93,13.46,8.12,10296.0,70.11,2016
35,Tanah Datar,69.11,13.59,8.14,10331.0,70.37,2017
36,Tanah Datar,69.38,13.88,8.44,10417.0,71.25,2018
37,Tanah Datar,69.73,14.32,8.45,10709.0,72.14,2019
38,Tanah Datar,73.5,14.33,8.61,10588.0,74.01,2020
39,Tanah Datar,73.69,14.34,8.62,10616.0,74.14,2021
40,Tanah Datar,73.84,14.59,8.9,10695.0,74.87,2022
41,Tanah Datar,74.19,14.78,9.02,10905.0,75.57,2023
42,Tanah Datar,74.26,15.05,9.29,11223.0,76.49,2024
43,Tanah Datar,74.35,15.06,9.46,11552.0,77.04,2025
44,Padang Pariaman,67.64,13.54,6.89,10260.0,68.04,2015
45,Padang Pariaman,67.8,13.55,7.0,10455.0,68.44,2016
46,Padang Pariaman,67.96,13.56,7.21,10579.0,68.9,2017
47,Padang Pariaman,68.23,13.57,7.5,10919.0,69.71,2018
48,Padang Pariaman,68.58,13.62,7.86,11158.0,70.59,2019
49,Padang Pariaman,73.48,13.67,7.87,10998.0,72.8,2020
50,Padang Pariaman,73.58,13.68,7.88,11050.0,72.92,2021
51,Padang Pariaman,73.67,13.93,8.16,11159.0,73.67,2022
52,Padang Pariaman,73.77,14.19,8.41,11432.0,74.54,2023
53,Padang Pariaman,73.88,14.2,8.42,11756.0,74.9,2024
54,Padang Pariaman,74.04,14.21,8.78,12089.0,75.71,2025
55,Agam,71.3,13.59,8.17,8859.0,69.84,2015
56,Agam,71.44,13.73,8.18,9111.0,70.36,2016
57,Agam,71.57,13.94,8.39,9388.0,71.1,2017
58,Agam,71.83,13.85,8.69,9489.0,71.7,2018
59,Agam,72.17,13.86,8.85,9780.0,72.37,2019
60,Agam,73.79,13.87,8.96,9651.0,73.11,2020
61,Agam,73.91,13.88,8.97,9662.0,73.2,2021
62,Agam,74.07,13.88,8.98,10171.0,73.84,2022
63,Agam,74.22,13.89,9.22,10402.0,74.44,2023
64,Agam,74.39,14.16,9.23,10686.0,75.08,2024
65,Agam,74.63,14.26,9.57,11034.0,76.04,2025
66,Lima Puluh Kota,69.23,12.76,7.91,8774.0,67.65,2015
67,Lima Puluh Kota,69.27,13.25,7.92,8936.0,68.37,2016
68,Lima Puluh Kota,69.31,13.26,7.96,9151.0,68.69,2017
69,Lima Puluh Kota,69.47,13.27,7.97,9500.0,69.17,2018
70,Lima Puluh Kota,69.7,13.28,7.98,9842.0,69.67,2019
71,Lima Puluh Kota,72.74,13.29,7.99,9596.0,70.82,2020
72,Lima Puluh Kota,72.79,13.3,8.07,9668.0,71.03,2021
73,Lima Puluh Kota,73.03,13.4,8.08,10035.0,71.64,2022
74,Lima Puluh Kota,73.25,13.41,8.12,10285.0,72.05,2023
75,Lima Puluh Kota,73.42,13.42,8.13,10648.0,72.51,2024
76,Lima Puluh Kota,73.64,13.53,8.49,10917.0,73.43,2025
77,Pasaman,66.26,12.7,7.63,7340.0,64.01,2015
78,Pasaman,66.4,12.71,7.64,7678.0,64.57,2016
79,Pasaman,66.54,12.72,7.65,7882.0,64.94,2017
80,Pasaman,66.82,12.78,7.66,8238.0,65.6,2018
81,Pasaman,67.18,12.79,7.86,8599.0,66.46,2019
82,Pasaman,71.15,12.8,8.09,8425.0,68.35,2020
83,Pasaman,71.34,12.81,8.1,8440.0,68.48,2021
84,Pasaman,71.71,13.05,8.11,8619.0,69.12,2022
85,Pasaman,72.04,13.25,8.13,8908.0,69.85,2023
86,Pasaman,72.36,13.52,8.14,9194.0,70.61,2024
87,Pasaman,72.76,13.6,8.41,9518.0,71.57,2025
88,Solok Selatan,66.64,12.37,7.98,9653.0,67.09,2015
89,Solok Selatan,66.78,12.51,7.99,9802.0,67.47,2016
90,Solok Selatan,66.92,12.68,8.0,9891.0,67.81,2017
91,Solok Selatan,67.21,12.69,8.15,10199.0,68.45,2018
92,Solok Selatan,67.58,12.7,8.16,10505.0,68.94,2019
93,Solok Selatan,71.32,12.71,8.28,10325.0,70.69,2020
94,Solok Selatan,71.52,12.72,8.32,10367.0,70.88,2021
95,Solok Selatan,71.89,12.73,8.41,10560.0,71.36,2022
96,Solok Selatan,72.22,12.8,8.69,10884.0,72.24,2023
97,Solok Selatan,72.5,13.07,8.85,11240.0,73.17,2024
98,Solok Selatan,72.77,13.08,9.2,11542.0,74.01,2025
99,Dharmasraya,70.16,12.36,8.03,10713.0,69.84,2015
100,Dharmasraya,70.3,12.39,8.23,10781.0,70.25,2016
101,Dharmasraya,70.44,12.4,8.24,10851.0,70.4,2017
102,Dharmasraya,70.73,12.41,8.25,11189.0,70.86,2018
103,Dharmasraya,71.1,12.42,8.46,11431.0,71.52,2019
104,Dharmasraya,73.04,12.43,8.47,11273.0,72.3,2020
105,Dharmasraya,73.47,12.44,8.55,11324.0,72.65,2021
106,Dharmasraya,73.84,12.51,8.56,11650.0,73.19,2022
107,Dharmasraya,74.04,12.68,8.71,11901.0,73.87,2023
108,Dharmasraya,74.25,12.89,8.98,12254.0,74.82,2024
109,Dharmasraya,74.34,13.02,9.31,12604.0,75.7,2025
110,Pasaman Barat,67.03,12.3,7.83,8109.0,65.26,2015
111,Pasaman Barat,67.09,12.67,7.84,8393.0,66.03,2016
112,Pasaman Barat,67.15,13.06,7.85,8704.0,66.83,2017
113,Pasaman Barat,67.37,13.22,7.86,8979.0,67.43,2018
114,Pasaman Barat,67.67,13.4,8.06,9180.0,68.21,2019
115,Pasaman Barat,71.71,13.61,8.19,9047.0,70.3,2020
116,Pasaman Barat,71.83,13.68,8.27,9089.0,70.57,2021
117,Pasaman Barat,72.14,13.69,8.55,9381.0,71.39,2022
118,Pasaman Barat,72.44,13.7,8.81,9538.0,72.03,2023
119,Pasaman Barat,72.75,13.72,8.99,9888.0,72.78,2024
120,Pasaman Barat,73.17,13.73,9.28,10231.0,73.69,2025
121,Kota Solok,72.74,14.27,10.77,11350.0,76.83,2015
122,Kota Solok,72.83,14.28,10.79,11519.0,77.07,2016
123,Kota Solok,72.92,14.29,10.95,11673.0,77.44,2017
124,Kota Solok,73.14,14.3,11.01,11968.0,77.89,2018
125,Kota Solok,73.45,14.31,11.02,12337.0,78.38,2019
126,Kota Solok,73.86,14.32,11.03,12117.0,78.41,2020
127,Kota Solok,73.98,14.33,11.04,12168.0,78.53,2021
128,Kota Solok,74.31,14.34,11.35,12515.0,79.35,2022
129,Kota Solok,74.56,14.36,11.36,12709.0,79.66,2023
130,Kota Solok,74.85,14.37,11.37,12995.0,80.06,2024
131,Kota Solok,75.3,14.59,11.38,13504.0,80.9,2025
