Kabupaten/Kota,Umur Harapan Hidup (Tahun)_2015,Umur Harapan Hidup (Tahun)_2016,Umur Harapan Hidup (Tahun)_2017.0,Umur Harapan Hidup (Tahun)_2018.0,Umur Harapan Hidup (Tahun)_2019.0,Umur Harapan Hidup (Tahun)_2020.0,Umur Harapan Hidup (Tahun)_2021.0,Umur Harapan Hidup (Tahun)_2022.0,Umur Harapan Hidup (Tahun)_2023.0,Umur Harapan Hidup (Tahun)_2024.0,Harapan Lama Sekolah (Tahun)_2015,Harapan Lama Sekolah (Tahun)_2016.0,Harapan Lama Sekolah (Tahun)_2017.0,Harapan Lama Sekolah (Tahun)_2018.0,Harapan Lama Sekolah (Tahun)_2019.0,Harapan Lama Sekolah (Tahun)_2020.0,Harapan Lama Sekolah (Tahun)_2021.0,Harapan Lama Sekolah (Tahun)_2022.0,Harapan Lama Sekolah (Tahun)_2023.0,Harapan Lama Sekolah (Tahun)_2024.0,Rata-rata Lama Sekolah (Tahun)_2015,Rata-rata Lama Sekolah (Tahun)_2016.0,Rata-rata Lama Sekolah (Tahun)_2017.0,Rata-rata Lama Sekolah (Tahun)_2018.0,Rata-rata Lama Sekolah (Tahun)_2019.0,Rata-rata Lama Sekolah (Tahun)_2020.0,Rata-rata Lama Sekolah (Tahun)_2021.0,Rata-rata Lama Sekolah (Tahun)_2022.0,Rata-rata Lama Sekolah (Tahun)_2023.0,Rata-rata Lama Sekolah (Tahun)_2024.0,Pengeluaran (Ribu rupiah/orang/tahun)_2015,Pengeluaran (Ribu rupiah/orang/tahun)_2016.0,Pengeluaran (Ribu rupiah/orang/tahun)_2017.0,Pengeluaran (Ribu rupiah/orang/tahun)_2018.0,Pengeluaran (Ribu rupiah/orang/tahun)_2019.0,Pengeluaran (Ribu rupiah/orang/tahun)_2020.0,Pengeluaran (Ribu rupiah/orang/tahun)_2021.0,Pengeluaran (Ribu rupiah/orang/tahun)_2022.0,Pengeluaran (Ribu rupiah/orang/tahun)_2023.0,Pengeluaran (Ribu rupiah/orang/tahun)_2024.0,IPM_2015,IPM_2016.0,IPM_2017.0,IPM_2018.0,IPM_2019.0,IPM_2020.0,IPM_2021.0,IPM_2022.0,IPM_2023.0,IPM_2024.0
Kepulauan Mentawai,64.05,64.36,64.37,64.49,64.68,64.73,64.73,64.93,65.1,65.27,11.48,11.74,12.07,12.39,12.76,12.82,12.89,12.89,12.9,12.91,6.27,6.52,6.69,6.95,7.08,7.09,7.2,7.48,7.76,8.03,5684,5771.0,6010.0,6211.0,6429.0,6281.0,6321.0,6567.0,6891.0,7192.0,57.41,58.27,59.25,60.28,61.26,61.09,61.35,62.19,63.13,63.99
Pesisir Selatan,69.96,70.11,70.23,70.45,70.73,70.86,70.96,71.25,71.52,71.59,13.04,13.05,13.06,13.3,13.31,13.32,13.33,13.35,13.36,13.37,8.11,8.12,8.13,8.14,8.25,8.26,8.27,8.43,8.58,8.81,8412,8605.0,8819.0,9089.0,9444.0,9212.0,9270.0,9686.0,9953.0,10211.0,68.07,68.39,68.74,69.4,70.08,69.9,70.03,70.84,71.44,72.02
Solok,67.35,67.5,67.65,67.95,68.34,68.58,68.79,69.19,69.56,69.8,12.88,13.0,13.01,13.02,13.03,13.04,13.05,13.3,13.55,13.56,7.57,7.58,7.6,7.84,7.85,7.86,7.87,7.89,7.9,7.91,9334,9664.0,9743.0,10035.0,10309.0,10171.0,10215.0,10539.0,10717.0,10988.0,67.12,67.67,67.86,68.6,69.08,69.08,69.24,70.02,70.63,71.02
Sijunjung,65.22,65.33,65.44,65.69,66.02,66.21,66.36,66.7,67.02,67.32,11.94,12.27,12.34,12.35,12.36,12.37,12.38,12.64,12.72,12.76,7.33,7.5,7.72,7.77,8.1,8.11,8.12,8.3,8.57,8.62,9796,9895.0,10093.0,10277.0,10395.0,10361.0,10389.0,10582.0,11018.0,11395.0,65.3,66.01,66.6,66.97,67.66,67.74,67.86,68.69,69.65,70.23
Tanah Datar,68.75,68.93,69.11,69.38,69.73,69.94,70.12,70.49,70.84,70.96,13.35,13.46,13.59,13.88,14.32,14.33,14.34,14.59,14.78,15.05,7.93,8.12,8.14,8.44,8.45,8.61,8.62,8.9,9.02,9.29,10103,10296.0,10331.0,10417.0,10709.0,10588.0,10616.0,10695.0,10905.0,11223.0,69.49,70.11,70.37,71.25,72.14,72.33,72.46,73.29,73.98,74.9
Padang Pariaman,67.64,67.8,67.96,68.23,68.58,68.79,68.97,69.34,69.7,70.1,13.54,13.55,13.56,13.57,13.62,13.67,13.68,13.93,14.19,14.2,6.89,7.0,7.21,7.5,7.86,7.87,7.88,8.16,8.41,8.42,10260,10455.0,10579.0,10919.0,11158.0,10998.0,11050.0,11159.0,11432.0,11756.0,68.04,68.44,68.9,69.71,70.59,70.61,70.76,71.63,72.61,73.1
Agam,71.3,71.44,71.57,71.83,72.17,72.37,72.53,72.89,73.23,73.47,13.59,13.73,13.94,13.85,13.86,13.87,13.88,13.88,13.89,14.16,8.17,8.18,8.39,8.69,8.85,8.96,8.97,8.98,9.22,9.23,8859,9111.0,9388.0,9489.0,9780.0,9651.0,9662.0,10171.0,10402.0,10686.0,69.84,70.36,71.1,71.7,72.37,72.46,72.57,73.29,73.98,74.66
Lima Puluh Kota,69.23,69.27,69.31,69.47,69.7,69.79,69.84,70.08,70.3,70.46,12.76,13.25,13.26,13.27,13.28,13.29,13.3,13.4,13.41,13.42,7.91,7.92,7.96,7.97,7.98,7.99,8.07,8.08,8.12,8.13,8774,8936.0,9151.0,9500.0,9842.0,9596.0,9668.0,10035.0,10285.0,10648.0,67.65,68.37,68.69,69.17,69.67,69.47,69.68,70.28,70.7,71.14
Pasaman,66.26,66.4,66.54,66.82,67.18,67.4,67.59,67.96,68.29,68.61,12.7,12.71,12.72,12.78,12.79,12.8,12.81,13.05,13.25,13.52,7.63,7.64,7.65,7.66,7.86,8.09,8.1,8.11,8.13,8.14,7340,7678.0,7882.0,8238.0,8599.0,8425.0,8440.0,8619.0,8908.0,9194.0,64.01,64.57,64.94,65.6,66.46,66.64,66.77,67.41,68.13,68.89
Solok Selatan,66.64,66.78,66.92,67.21,67.58,67.81,68.01,68.38,68.71,68.99,12.37,12.51,12.68,12.69,12.7,12.71,12.72,12.73,12.8,13.07,7.98,7.99,8.0,8.15,8.16,8.28,8.32,8.41,8.69,8.85,9653,9802.0,9891.0,10199.0,10505.0,10325.0,10367.0,10560.0,10884.0,11240.0,67.09,67.47,67.81,68.45,68.94,69.04,69.23,69.71,70.58,71.5
Dharmasraya,70.16,70.3,70.44,70.73,71.1,71.33,71.53,71.9,72.24,72.6,12.36,12.39,12.4,12.41,12.42,12.43,12.44,12.51,12.68,12.89,8.03,8.23,8.24,8.25,8.46,8.47,8.55,8.56,8.71,8.98,10713,10781.0,10851.0,11189.0,11431.0,11273.0,11324.0,11650.0,11901.0,12254.0,69.84,70.25,70.4,70.86,71.52,71.51,71.76,72.3,73.04,74.06
Pasaman Barat,67.03,67.09,67.15,67.37,67.67,67.82,67.94,68.25,68.53,68.81,12.3,12.67,13.06,13.22,13.4,13.61,13.68,13.69,13.7,13.72,7.83,7.84,7.85,7.86,8.06,8.19,8.27,8.55,8.81,8.99,8109,8393.0,8704.0,8979.0,9180.0,9047.0,9089.0,9381.0,9538.0,9888.0,65.26,66.03,66.83,67.43,68.21,68.49,68.76,69.57,70.19,70.93
Kota Padang,73.19,73.19,73.2,73.35,73.57,73.65,73.69,73.93,74.16,74.42,15.6,15.87,16.15,16.5,16.51,16.52,16.53,16.54,16.56,16.57,10.97,11.24,11.32,11.33,11.34,11.58,11.59,11.6,11.62,11.63,13522,13721.0,13957.0,14312.0,14728.0,14481.0,14540.0,14889.0,15089.0,15458.0,80.36,81.06,81.58,82.25,82.68,82.82,82.9,83.29,83.58,83.99
Kota Solok,72.74,72.83,72.92,73.14,73.45,73.61,73.73,74.06,74.39,74.73,14.27,14.28,14.29,14.3,14.31,14.32,14.33,14.34,14.36,14.37,10.77,10.79,10.95,11.01,11.02,11.03,11.04,11.35,11.36,11.37,11350,11519.0,11673.0,11968.0,12337.0,12117.0,12168.0,12515.0,12709.0,12995.0,76.83,77.07,77.44,77.89,78.38,78.29,78.41,79.23,79.58,80.0
Kota Sawahlunto,69.27,69.33,69.39,69.59,69.87,70.0,70.1,70.4,70.69,70.92,12.69,13.05,13.14,13.15,13.16,13.17,13.18,13.42,13.69,13.86,9.66,9.92,9.93,9.94,9.97,10.17,10.32,10.43,10.44,10.53,8931,9051.0,9343.0,9765.0,10238.0,10182.0,10195.0,10537.0,10829.0,11187.0,69.87,70.67,71.13,71.72,72.39,72.64,72.88,73.73,74.42,75.13
Kota Padang Panjang,72.45,72.45,72.46,72.58,72.77,72.82,72.82,73.02,73.23,73.61,15.01,15.02,15.03,15.04,15.05,15.06,15.07,15.07,15.29,15.47,11.09,11.42,11.43,11.44,11.45,11.62,11.63,11.92,11.94,12.0,9670,9804.0,10240.0,10440.0,11013.0,10734.0,10754.0,11153.0,11310.0,11840.0,75.98,76.5,77.01,77.3,78.0,77.93,77.97,78.78,79.26,80.17
Kota Bukittinggi,73.52,73.6,73.69,73.91,74.22,74.38,74.5,74.82,75.13,75.42,14.92,14.93,14.94,14.95,14.96,14.97,14.98,14.99,15.01,15.28,10.79,10.98,11.3,11.31,11.32,11.33,11.34,11.63,11.64,11.65,12330,12475.0,12816.0,13035.0,13586.0,13282.0,13331.0,13633.0,13859.0,14297.0,78.72,79.11,79.8,80.11,80.71,80.58,80.7,81.42,81.78,82.51
Kota Payakumbuh,72.93,73.03,73.13,73.33,73.61,73.74,73.84,74.14,74.43,74.77,14.21,14.22,14.23,14.24,14.25,14.26,14.27,14.29,14.3,14.57,10.29,10.3,10.45,10.46,10.72,10.73,10.81,10.82,10.88,10.89,12622,12705.0,12858.0,13114.0,13464.0,13281.0,13317.0,13687.0,13978.0,14260.0,77.42,77.56,77.91,78.23,78.95,78.9,79.08,79.53,79.97,80.61
Kota Pariaman,69.59,69.63,69.67,69.87,70.15,70.28,70.38,70.67,70.95,71.17,14.49,14.5,14.51,14.52,14.53,14.54,14.55,14.61,14.79,14.8,9.96,10.09,10.1,10.36,10.37,10.59,10.67,10.78,10.79,11.06,11814,12141.0,12425.0,12611.0,12958.0,12796.0,12818.0,13150.0,13355.0,13784.0,74.98,75.44,75.71,76.26,76.7,76.9,77.07,77.65,78.13,78.88
Provinsi Sumatera Barat,68.66,68.73,68.78,69.01,69.31,69.47,69.59,69.9,70.19,70.33,13.6,13.79,13.94,13.95,14.01,14.02,14.09,14.1,14.11,14.3,8.42,8.59,8.72,8.76,8.92,8.99,9.07,9.18,9.28,9.44,9804,10126.0,10306.0,10638.0,10925.0,10733.0,10790.0,11130.0,11380.0,11718.0,69.98,70.73,71.24,71.73,72.39,72.38,72.65,73.26,73.75,74.49
